요일,시각,building,actual,pred_MLP,pred_GCN,pred_GAT
월,08:30,85,0.0,19.449130337685347,43.37155308574438,0.41091465950012207
월,08:30,26,0.0,19.449130337685347,26.903154395520687,0.41101640462875366
월,08:30,22,0.0,19.449130337685347,24.876679711043835,0.41099944710731506
월,08:30,23,0.0,19.449130337685347,43.37155308574438,0.41091465950012207
월,08:30,21,0.0,19.449130337685347,17.015969775617123,0.41093161702156067
월,08:30,33,0.0,19.449130337685347,34.892792366445065,0.41091465950012207
월,08:30,40,0.0,19.449130337685347,0.0,0.41099944710731506
월,09:00,85,0.0,22.217513542622328,40.73818566650152,12.285147726535797
월,09:00,26,0.0,22.217513542622328,0.0,12.285096853971481
월,09:00,22,0.0,22.217513542622328,9.326055996119976,12.285266429185867
월,09:00,23,0.0,22.217513542622328,40.73816870898008,12.28511381149292
월,09:00,21,0.0,22.217513542622328,14.782291136682034,12.285156205296516
월,09:00,33,0.0,22.217513542622328,12.468182973563671,12.28511381149292
월,09:00,40,0.0,22.217513542622328,0.0,12.285096853971481
월,09:30,85,0.0,0.0,33.810495518147945,5.48295171558857
월,09:30,26,0.0,0.0,0.0,5.482994109392166
월,09:30,22,0.0,0.0,6.89667060226202,5.4828923642635345
월,09:30,23,0.0,0.0,33.81052943319082,5.482900843024254
월,09:30,21,0.0,0.0,8.340315274894238,5.482968673110008
월,09:30,33,0.0,0.0,0.0,5.482900843024254
월,09:30,40,0.0,0.0,0.0,5.482994109392166
월,10:00,85,0.0,6.226973567157984,43.892674677073956,0.0
월,10:00,26,0.0,6.226973567157984,0.0,0.0
월,10:00,22,0.0,6.226973567157984,24.273958526551723,0.0
월,10:00,23,0.0,6.226973567157984,43.892691634595394,0.0
월,10:00,21,0.0,6.226973567157984,19.308202736079693,0.0
월,10:00,33,0.0,6.226973567157984,19.356819950044155,0.0
월,10:00,40,0.0,6.226973567157984,1.0904491767287254,0.0
월,10:30,85,0.0,61.48257176578045,59.93910240381956,0.0
월,10:30,26,364.0,61.48257176578045,10.869716130197048,0.0
월,10:30,22,156.0,61.48257176578045,45.01578827947378,0.0
월,10:30,23,0.0,61.48257176578045,59.939051531255245,0.0
월,10:30,21,0.0,61.48257176578045,36.09246917814016,0.0
월,10:30,33,234.0,61.48257176578045,45.99801879376173,0.0
월,10:30,40,183.0,61.48257176578045,46.599959932267666,0.0
월,11:00,85,0.0,12.672396045178175,160.04756313562393,124.18466064333916
월,11:00,26,364.0,233.19913956522942,327.72021144628525,137.32528141140938
월,11:00,22,156.0,202.87937951087952,338.66856384277344,395.72289085388184
월,11:00,23,0.0,12.672396045178175,160.0475970506668,124.18462672829628
월,11:00,21,0.0,12.672396045178175,11.814487479627132,94.78832241892815
월,11:00,33,234.0,273.68605291843414,347.0792570710182,410.172869682312
월,11:00,40,183.0,250.6936378777027,748.3820203542709,410.1747010946274
월,11:30,85,0.0,15.849718358367682,124.04058954119682,78.17554739117622
월,11:30,26,364.0,253.44223165512085,303.28211683034897,88.11889532208443
월,11:30,22,156.0,176.74412527680397,304.43302381038666,330.26604413986206
월,11:30,23,0.0,15.849718358367682,124.04052171111107,78.17551347613335
월,11:30,21,0.0,15.849718358367682,0.0,48.46159479022026
월,11:30,33,234.0,236.4105041027069,318.2857587337494,337.2933088541031
월,11:30,40,183.0,217.10970756411552,685.6305766105652,337.295818567276
월,12:00,85,183.0,15.469395067542791,83.59623956680298,85.15787467360497
월,12:00,26,69.0,281.80346581339836,246.75147199630737,87.72856709361076
월,12:00,22,0.0,155.1554369032383,244.77485242486,302.05361223220825
월,12:00,23,0.0,15.469395067542791,83.59618869423866,85.15784075856209
월,12:00,21,0.0,15.469395067542791,0.0,38.38485899567604
월,12:00,33,0.0,169.33546894788742,215.4808867573738,303.2132353782654
월,12:00,40,0.0,180.4139872789383,553.343086540699,303.21730518341064
월,12:30,85,183.0,210.5487068593502,74.8435300886631,63.411820501089096
월,12:30,26,69.0,58.46920324862003,64.75350383669138,33.15302273631096
월,12:30,22,0.0,8.000454749912024,0.0,3.373783677816391
월,12:30,23,0.0,8.000454749912024,18.743695326149464,0.0
월,12:30,21,0.0,8.000454749912024,0.0,0.0
월,12:30,33,0.0,8.000454749912024,0.0,0.0
월,12:30,40,0.0,8.000454749912024,12.263149581849575,0.0
월,13:00,85,183.0,207.88832610845566,67.81068211048841,72.7617230117321
월,13:00,26,69.0,38.969766303896904,75.42383342981339,37.68064704537392
월,13:00,22,0.0,1.116930466145277,0.0,8.944872111082077
월,13:00,23,0.0,1.116930466145277,23.974772736430168,8.880230039358139
월,13:00,21,0.0,1.116930466145277,0.0,0.6509483754634857
월,13:00,33,0.0,1.116930466145277,0.0,1.161776751279831
월,13:00,40,0.0,1.116930466145277,0.0,1.6814230382442474
월,13:30,85,0.0,148.01508247852325,98.35910162329674,70.74527022242546
월,13:30,26,183.0,87.9701693803072,78.78311842679977,35.02957597374916
월,13:30,22,52.0,26.94630492851138,0.0,8.68467590212822
월,13:30,23,0.0,26.94630492851138,56.1913290694356,13.919700175523758
월,13:30,21,0.0,26.94630492851138,0.0,1.6840684115886688
월,13:30,33,0.0,26.94630492851138,0.0,2.0053795278072357
월,13:30,40,0.0,26.94630492851138,0.0,2.3288612067699432
월,14:00,85,0.0,6.812198828905821,94.20805299282074,21.10907879471779
월,14:00,26,183.0,180.67838895320892,124.14075762033463,24.94897386431694
월,14:00,22,52.0,56.238305643200874,0.0,21.745460659265518
월,14:00,23,0.0,6.812198828905821,94.20801907777786,21.10907879471779
월,14:00,21,0.0,6.812198828905821,42.71248205751181,24.941512554883957
월,14:00,33,0.0,6.812198828905821,0.0,2.9048742949962616
월,14:00,40,0.0,6.812198828905821,0.0,3.271156758069992
월,14:30,85,0.0,4.763933729380369,70.82296534627676,9.430908590555191
월,14:30,26,183.0,172.36601543426514,97.51295521855354,10.37211886048317
월,14:30,22,52.0,46.59849734604359,0.0,17.193960160017014
월,14:30,23,0.0,4.763933729380369,70.82297382503748,9.430874675512314
월,14:30,21,0.0,4.763933729380369,22.301383323967457,20.808896750211716
월,14:30,33,0.0,4.763933729380369,0.0,0.0
월,14:30,40,0.0,4.763933729380369,0.0,0.0
월,15:00,85,0.0,0.0,45.468783028423786,0.0
월,15:00,26,207.0,31.56622902676463,78.24729466438293,0.0
월,15:00,22,0.0,19.90199790522456,0.0,13.279519826173782
월,15:00,23,0.0,0.0,45.46881694346666,0.0
월,15:00,21,0.0,0.0,8.935863427817822,18.50352171063423
월,15:00,33,0.0,0.0,0.0,0.0
월,15:00,40,0.0,0.0,0.0,0.0
월,15:30,85,0.0,0.0,50.1368410512805,0.0
월,15:30,26,207.0,106.8564223498106,75.07320275902748,0.0
월,15:30,22,0.0,0.0,0.0,0.0
월,15:30,23,0.0,0.0,50.1368410512805,0.0
월,15:30,21,0.0,0.0,0.0,0.0
월,15:30,33,0.0,0.0,0.0,0.0
월,15:30,40,0.0,0.0,0.0,0.0
월,16:00,85,0.0,0.0,101.64363786578178,0.0
월,16:00,26,207.0,203.60531404614449,119.74974310398102,0.0
월,16:00,22,0.0,0.0,17.560594491660595,0.0
월,16:00,23,0.0,0.0,101.64363786578178,0.0
월,16:00,21,0.0,0.0,0.0,0.0
월,16:00,33,0.0,0.0,0.0,0.0
월,16:00,40,0.0,0.0,0.0,0.0
월,16:30,85,0.0,10.483281772583723,163.62490490078926,0.0
월,16:30,26,0.0,246.16567441821098,187.53268694877625,0.0
월,16:30,22,0.0,10.483281772583723,36.36723189800978,0.0
월,16:30,23,0.0,10.483281772583723,163.62493881583214,0.0
월,16:30,21,0.0,10.483281772583723,4.879268191754818,0.0
월,16:30,33,0.0,10.483281772583723,24.810748867690563,0.0
월,16:30,40,0.0,10.483281772583723,0.0,0.0
월,17:00,85,0.0,0.0,4.422059498727322,0.0
월,17:00,26,0.0,0.0,0.0,0.0
월,17:00,22,0.0,0.0,0.0,0.0
월,17:00,23,0.0,0.0,4.422042541205883,0.0
월,17:00,21,0.0,0.0,0.0,0.0
월,17:00,33,0.0,0.0,0.0,0.0
월,17:00,40,0.0,0.0,0.0,0.0
월,17:30,85,0.0,0.0,0.0,42.87809345126152
월,17:30,26,0.0,0.0,10.901579312980175,42.87809345126152
월,17:30,22,0.0,0.0,0.0,42.8781273663044
월,17:30,23,0.0,0.0,0.0,42.87809345126152
월,17:30,21,0.0,0.0,0.0,42.87795779109001
월,17:30,33,0.0,0.0,0.0,42.87809345126152
월,17:30,40,0.0,0.0,0.0,42.878025621175766
월,18:00,85,0.0,57.024965062737465,33.97783233970404,128.31090041995049
월,18:00,26,50.0,57.024965062737465,89.54108873009682,128.31093433499336
월,18:00,22,69.0,57.024965062737465,97.20144554972649,128.31083258986473
월,18:00,23,0.0,57.024965062737465,33.977849297225475,128.31096825003624
월,18:00,21,0.0,57.024965062737465,16.39585865288973,128.31093433499336
월,18:00,33,0.0,57.024965062737465,78.58271443843842,128.31096825003624
월,18:00,40,0.0,57.024965062737465,131.5861948132515,128.3108665049076
월,18:30,85,0.0,3.8214177303016186,40.825652562081814,151.96993258595467
월,18:30,26,50.0,52.60088337957859,121.19716930389404,155.08787813782692
월,18:30,22,69.0,71.28423960506916,215.96454918384552,147.93278762698174
월,18:30,23,0.0,3.8214177303016186,40.82561016827822,151.9698647558689
월,18:30,21,0.0,3.8214177303016186,45.499425269663334,140.66513308882713
월,18:30,33,0.0,3.8214177303016186,63.60475046187639,161.60929998755455
월,18:30,40,0.0,3.8214177303016186,176.35768032073975,170.45481798052788
월,19:00,85,0.0,0.0,12.861567795276642,226.37940099835396
월,19:00,26,50.0,54.01870174705982,50.06170227378607,228.869104295969
월,19:00,22,69.0,75.72490574419498,147.58822774887085,222.95720359683037
월,19:00,23,0.0,0.0,12.861631385982037,226.37926533818245
월,19:00,21,0.0,0.0,43.95141553133726,217.36396864056587
월,19:00,33,0.0,0.0,15.334521301090717,233.45998015999794
월,19:00,40,0.0,0.0,123.61378568410873,239.5934478342533
월,19:30,85,0.0,0.0,0.0,260.23580476641655
월,19:30,26,50.0,51.74296845495701,0.0,261.70123985409737
월,19:30,22,69.0,72.53584034740925,46.19838038831949,257.21814599633217
월,19:30,23,0.0,0.0,0.0,260.2357708513737
월,19:30,21,0.0,0.0,0.0,253.9382561147213
월,19:30,33,0.0,0.0,0.0,268.46786746382713
월,19:30,40,0.0,0.0,40.580472238361835,273.9742459952831
월,20:00,85,0.0,0.0,0.0,258.72231206297874
월,20:00,26,50.0,50.10792423784733,0.0,259.83425065875053
월,20:00,22,69.0,70.06733395159245,4.522358998656273,255.6868818104267
월,20:00,23,0.0,0.0,0.0,258.72248163819313
월,20:00,21,0.0,0.0,0.0,253.1374880373478
월,20:00,33,0.0,0.0,0.0,276.0834903419018
월,20:00,40,0.0,0.0,0.0,283.25184163451195
월,20:30,85,0.0,0.0,0.0,228.83508750796318
월,20:30,26,50.0,41.866772308945656,0.0,229.9264735877514
월,20:30,22,69.0,57.18616326153278,0.0,226.24024757742882
월,20:30,23,0.0,0.0,0.0,228.8352231681347
월,20:30,21,0.0,0.0,0.0,223.91740629076958
월,20:30,33,0.0,0.0,0.0,244.35386499762535
월,20:30,40,0.0,0.0,0.0,253.0158347785473
월,21:00,85,0.0,2.581008952111006,0.0,173.72239670157433
월,21:00,26,50.0,57.01221300661564,0.0,175.0662463605404
월,21:00,22,69.0,78.26337887346745,0.0,171.3297582566738
월,21:00,23,0.0,2.581008952111006,0.0,173.72232887148857
월,21:00,21,0.0,2.581008952111006,0.0,168.5868452489376
월,21:00,33,0.0,2.581008952111006,0.0,189.4996746480465
월,21:00,40,0.0,2.581008952111006,26.923486463725567,198.91896733641624
월,21:30,85,0.0,2.2532539777457714,0.0,119.24425634741783
월,21:30,26,50.0,53.49352730810642,0.0,120.73122748732567
월,21:30,22,69.0,73.8853538185358,38.23600163310766,116.73257610201836
월,21:30,23,0.0,2.2532539777457714,0.0,119.24405285716057
월,21:30,21,0.0,2.2532539777457714,0.0,113.60608395934105
월,21:30,33,0.0,2.2532539777457714,0.0,135.07057544589043
월,21:30,40,0.0,2.2532539777457714,59.11868055909872,144.62172982096672
화,08:30,85,0.0,16.416955929249525,16.203348390758038,8.23913398385048
화,08:30,26,0.0,16.416955929249525,12.909315936267376,8.239269644021988
화,08:30,22,0.0,16.416955929249525,65.6522948667407,8.239100068807602
화,08:30,23,0.0,16.416955929249525,16.2033314332366,8.23913398385048
화,08:30,21,0.0,16.416955929249525,0.0,8.239100068807602
화,08:30,33,0.0,16.416955929249525,24.555165104568005,8.23913398385048
화,08:30,40,0.0,16.416955929249525,13.798169858753681,8.239066153764725
화,09:00,85,0.0,32.78516958281398,5.581394366919994,30.556046158075333
화,09:00,26,143.0,32.78516958281398,39.17275207489729,30.556147903203964
화,09:00,22,307.0,32.78516958281398,238.18970420956612,30.556283563375473
화,09:00,23,0.0,32.78516958281398,5.5814282819628716,30.556046158075333
화,09:00,21,0.0,32.78516958281398,0.0,30.556147903203964
화,09:00,33,0.0,32.78516958281398,15.676613859832287,30.556046158075333
화,09:00,40,0.0,32.78516958281398,1.7481212094426155,30.556249648332596
화,09:30,85,0.0,4.772717725485563,0.0,143.27102932333946
화,09:30,26,143.0,196.7171179652214,63.460365645587444,180.01438328623772
화,09:30,22,307.0,182.09071308374405,276.7514979839325,304.3055032491684
화,09:30,23,0.0,4.772717725485563,0.0,143.27102932333946
화,09:30,21,0.0,4.772717725485563,21.116858057677746,86.81542152166367
화,09:30,33,0.0,4.772717725485563,0.0,22.630778938531876
화,09:30,40,0.0,4.772717725485563,15.03717116266489,0.0
화,10:00,85,0.0,15.141580741852522,0.0,249.05174282193184
화,10:00,26,143.0,206.21271950006485,29.94412975758314,297.600906252861
화,10:00,22,307.0,240.52745115756989,241.54671689867973,372.5553894042969
화,10:00,23,0.0,15.141580741852522,0.0,249.05170890688896
화,10:00,21,0.0,15.141580741852522,59.285372994840145,175.72248548269272
화,10:00,33,0.0,15.141580741852522,0.0,10.591464400291443
화,10:00,40,0.0,15.141580741852522,8.173991665244102,0.0
화,10:30,85,0.0,103.4416014701128,61.4463716968894,301.64235842227936
화,10:30,26,177.0,283.18536815047264,187.2221947312355,335.1306822299957
화,10:30,22,0.0,429.85638052225113,456.11503463983536,329.10418260097504
화,10:30,23,0.0,103.4416014701128,61.4463716968894,301.64235842227936
화,10:30,21,0.0,103.4416014701128,238.29848670959473,227.46251180768013
화,10:30,33,183.0,103.4416014701128,14.610045112669468,0.0
화,10:30,40,256.0,103.4416014701128,85.36629956960678,19.42475602030754
화,11:00,85,0.0,20.41652302071452,7.103136904537678,34.97368398308754
화,11:00,26,153.0,205.53224807977676,77.07454639673233,87.38690695166588
화,11:00,22,0.0,20.41652302071452,213.44991832971573,23.60980448126793
화,11:00,23,0.0,20.41652302071452,7.1031284257769585,34.97378572821617
화,11:00,21,0.0,20.41652302071452,0.0,33.30353769659996
화,11:00,33,183.0,215.98976501822472,142.4319202899933,462.2067528963089
화,11:00,40,256.0,323.9192508459091,274.0819092988968,462.2732263803482
화,11:30,85,0.0,0.0,0.0,10.535623282194138
화,11:30,26,153.0,165.48380535840988,17.80555436760187,9.961645096540451
화,11:30,22,0.0,0.0,160.1764063835144,10.060744851827621
화,11:30,23,0.0,0.0,0.0,10.535758942365646
화,11:30,21,0.0,0.0,0.0,25.576605647802353
화,11:30,33,183.0,182.82683908939362,169.64867436885834,348.43785977363586
화,11:30,40,256.0,221.30667716264725,269.5111789703369,348.5329575538635
화,12:00,85,60.0,0.0,0.0,0.0
화,12:00,26,109.0,154.49299132823944,0.0,0.0
화,12:00,22,21.0,0.0,83.98924708366394,0.0
화,12:00,23,0.0,0.0,0.0,0.0
화,12:00,21,0.0,0.0,0.0,15.977970212697983
화,12:00,33,0.0,177.6437557041645,173.78966718912125,240.35012635588646
화,12:00,40,0.0,68.29077921807766,193.3433682024479,240.44736078381538
화,12:30,85,60.0,53.729949072003365,0.0,22.54724618792534
화,12:30,26,109.0,111.40927945077419,53.12264511734247,18.66641566157341
화,12:30,22,21.0,18.516458179801702,43.60366763919592,32.698696821928024
화,12:30,23,0.0,2.6987153477966785,0.0,2.99637708067894
화,12:30,21,0.0,2.6987153477966785,0.0,35.8856255710125
화,12:30,33,0.0,2.6987153477966785,0.0,42.32229372859001
화,12:30,40,0.0,2.6987153477966785,0.0,51.75481328368187
화,13:00,85,60.0,62.413166627287865,32.016198977828026,20.847017258405685
화,13:00,26,109.0,106.26541881263256,67.77608876675367,16.811737626791
화,13:00,22,21.0,19.914410810917616,38.175090216100216,30.258305996656418
화,13:00,23,0.0,0.0,28.491145730018616,0.0
화,13:00,21,0.0,0.0,0.0,28.688039511442184
화,13:00,33,0.0,0.0,35.611935414373875,36.412529677152634
화,13:00,40,0.0,0.0,15.595107533037663,47.104925245046616
화,13:30,85,302.0,13.501907121390104,39.15469231456518,29.545615285634995
화,13:30,26,63.0,25.07010779902339,64.25881902128458,25.500364631414413
화,13:30,22,98.0,23.090978514403105,27.003763370215893,30.83947417140007
화,13:30,23,0.0,5.791101675480604,34.7498489394784,5.660810679197311
화,13:30,21,0.0,5.791101675480604,4.578306101262569,23.157445639371872
화,13:30,33,0.0,5.791101675480604,41.722179763019085,26.623291701078415
화,13:30,40,0.0,5.791101675480604,49.98267174512148,34.85087761282921
화,14:00,85,302.0,41.24243028461933,117.22948235273361,62.97964110970497
화,14:00,26,63.0,57.04500037431717,63.29298643022776,46.02934357523918
화,14:00,22,98.0,70.56471501290798,1.299832172691822,33.302045434713364
화,14:00,23,0.0,0.0,54.30026867240667,0.0
화,14:00,21,0.0,0.0,23.337793119251728,0.0
화,14:00,33,0.0,0.0,0.0,0.0
화,14:00,40,0.0,0.0,47.25590229779482,10.671147793531418
화,14:30,85,302.0,105.88365413248539,120.8219163119793,60.26609852910042
화,14:30,26,63.0,63.8050230294466,53.23898219317198,71.78612288832664
화,14:30,22,98.0,81.06820379197598,3.1221043840050697,53.117519706487656
화,14:30,23,0.0,0.0,67.77405386418104,2.8373155295848846
화,14:30,21,0.0,0.0,33.683195404708385,0.9807382524013519
화,14:30,33,0.0,0.0,0.0,0.0
화,14:30,40,0.0,0.0,58.60150159150362,7.095077842473984
화,15:00,85,350.0,156.49560678005219,90.41423150897026,86.31607338786125
화,15:00,26,0.0,88.06143476068974,53.31713940948248,99.36312255263329
화,15:00,22,20.0,87.96446317434311,39.4778263643384,75.36083623766899
화,15:00,23,0.0,0.0,36.69002679735422,47.25333747267723
화,15:00,21,0.0,0.0,46.7352894321084,36.80221351981163
화,15:00,33,0.0,0.0,0.0,0.6963267028331757
화,15:00,40,0.0,0.0,115.88276687264442,0.0
화,15:30,85,350.0,126.56781135499477,79.77718529105186,0.0
화,15:30,26,0.0,0.0,17.63845495134592,0.0
화,15:30,22,20.0,16.47161002084613,0.0,0.0
화,15:30,23,0.0,0.0,0.0,0.0
화,15:30,21,0.0,0.0,0.0,0.0
화,15:30,33,0.0,0.0,0.0,0.0
화,15:30,40,0.0,0.0,82.15125524997711,0.0
화,16:00,85,350.0,83.91104747354984,63.70482527464628,0.0
화,16:00,26,0.0,0.0,0.0,0.0
화,16:00,22,20.0,17.48733163997531,0.0,0.0
화,16:00,23,0.0,0.0,0.0,0.0
화,16:00,21,0.0,0.0,0.0,0.0
화,16:00,33,0.0,0.0,0.0,0.0
화,16:00,40,0.0,0.0,44.47838746756315,0.0
화,16:30,85,80.0,44.46934486925602,32.3892432525754,0.0
화,16:30,26,129.0,0.0,0.0,0.0
화,16:30,22,156.0,26.862246494740248,59.90150757879019,0.0
화,16:30,23,0.0,0.0,0.0,0.0
화,16:30,21,62.0,0.0,0.0,0.0
화,16:30,33,145.0,0.0,0.0,0.0
화,16:30,40,0.0,0.0,10.225991658866405,0.0
화,17:00,85,80.0,87.54163585603237,0.0,198.12372741103172
화,17:00,26,129.0,138.77585323154926,0.0,190.67469522356987
화,17:00,22,156.0,126.66582582890987,25.30280526727438,191.78039345145226
화,17:00,23,0.0,1.0587831251323223,0.0,170.94994369149208
화,17:00,21,62.0,65.75135646760464,0.0,191.18593057990074
화,17:00,33,145.0,132.567925080657,0.0,153.19911548495293
화,17:00,40,0.0,1.0587831251323223,23.17779042571783,131.1336494386196
화,17:30,85,80.0,85.49159021675587,0.0,204.21222373843193
화,17:30,26,129.0,132.05796153843403,7.5152046754956245,198.5999963581562
화,17:30,22,156.0,149.60891991853714,71.47619026899338,196.5238530933857
화,17:30,23,0.0,0.12477980181574821,0.0,180.47037103772163
화,17:30,21,62.0,65.25021083652973,0.0,192.17078951001167
화,17:30,33,145.0,142.3808781504631,0.0,154.51362863183022
화,17:30,40,0.0,0.12477980181574821,31.510852120816708,132.7541101872921
화,18:00,85,29.0,91.84126628935337,54.26269080489874,243.46654573082924
화,18:00,26,16.0,136.61437971889973,89.41122803092003,239.78113368153572
화,18:00,22,69.0,162.0944716334343,171.58968314528465,236.05726197361946
화,18:00,23,0.0,97.54041792452335,45.82689196616411,224.5261134803295
화,18:00,21,0.0,92.52160204946995,21.482097633183002,228.11239185929298
화,18:00,33,0.0,151.71372139453888,56.8481277897954,195.91992792487144
화,18:00,40,0.0,97.54041792452335,144.441725730896,175.88268318772316
화,18:30,85,29.0,22.707653742283583,49.86407931894064,233.59496203064919
화,18:30,26,16.0,17.591603439301252,110.05750215053558,231.58106982707977
화,18:30,22,69.0,47.48361213505268,200.98457998037338,227.5726000368595
화,18:30,23,0.0,14.07590226456523,45.95145343989134,226.20533204078674
화,18:30,21,0.0,14.07590226456523,60.41511698812246,223.9390780031681
화,18:30,33,0.0,14.07590226456523,34.22135082632303,227.0758464038372
화,18:30,40,0.0,14.07590226456523,105.90153583884239,229.99735602736473
화,19:00,85,29.0,24.482190530747175,39.09092355519533,263.5974977314472
화,19:00,26,16.0,16.442629616707563,98.16285222768784,260.9322162568569
화,19:00,22,69.0,49.97962363064289,191.72441667318344,256.06221958994865
화,19:00,23,0.0,5.167777102440596,31.262568570673466,256.0172482430935
화,19:00,21,0.0,5.167777102440596,64.49267172068357,253.40141490101814
화,19:00,33,0.0,5.167777102440596,20.443084858357906,257.21373704075813
화,19:00,40,0.0,5.167777102440596,106.33705586194992,258.92576840519905
화,19:30,85,29.0,24.886966567486525,0.0,254.6670225560665
화,19:30,26,16.0,15.492262285202742,67.80223726481199,252.6035296022892
화,19:30,22,69.0,59.91588331758976,191.69704723358154,249.1014622747898
화,19:30,23,0.0,4.788437347859144,0.0,247.9727357327938
화,19:30,21,0.0,4.788437347859144,31.791278652846813,246.98584190011024
화,19:30,33,0.0,4.788437347859144,11.6624209061265,246.74694433808327
화,19:30,40,0.0,4.788437347859144,119.94583988189697,248.04646703600883
화,20:00,85,29.0,24.642676513642073,0.0,226.40575298666954
화,20:00,26,16.0,16.870467882603407,0.0,224.87170776724815
화,20:00,22,69.0,68.5185017734766,93.78609898686409,222.488633364439
화,20:00,23,0.0,7.628822188824415,0.0,220.6470465362072
화,20:00,21,0.0,7.628822188824415,5.778461962938309,221.03937575221062
화,20:00,33,0.0,7.628822188824415,0.0,216.18871065974236
화,20:00,40,0.0,7.628822188824415,87.1784990131855,216.35258814692497
화,20:30,85,29.0,19.896130602806807,0.0,190.67320296168327
화,20:30,26,16.0,7.873383563011885,0.0,189.54186496138573
화,20:30,22,69.0,62.463513508439064,33.40702521055937,188.02179273962975
화,20:30,23,0.0,1.3917440585792065,0.0,185.6156561076641
화,20:30,21,0.0,1.3917440585792065,0.0,187.14251133799553
화,20:30,33,0.0,1.3917440585792065,0.0,178.36448428034782
화,20:30,40,0.0,1.3917440585792065,34.811091028153896,177.5400774180889
화,21:00,85,29.0,26.068804066628218,0.0,142.88073500990868
화,21:00,26,16.0,13.76551179215312,0.0,142.07260736823082
화,21:00,22,69.0,72.54381038248539,18.28028865903616,141.24752220511436
화,21:00,23,0.0,0.0,0.0,138.44349429011345
화,21:00,21,0.0,0.0,0.0,140.8760846555233
화,21:00,33,0.0,0.0,0.0,129.8539670407772
화,21:00,40,0.0,0.0,18.13057918101549,128.61871334910393
화,21:30,85,29.0,32.91462330147624,0.0,82.12797257304192
화,21:30,26,16.0,18.03548352047801,0.0,81.46540829539299
화,21:30,22,69.0,82.27078033983707,58.84317170828581,80.9669928252697
화,21:30,23,0.0,0.0,0.0,78.03605481982231
화,21:30,21,0.0,0.0,0.0,80.90682753920555
화,21:30,33,0.0,0.0,0.0,68.86291751265526
화,21:30,40,0.0,0.0,63.83775528520346,67.26334843039513
수,08:30,85,0.0,13.0142935924232,32.829384200274944,7.07842555642128
수,08:30,26,0.0,13.0142935924232,42.69026770442724,7.078459471464157
수,08:30,22,0.0,13.0142935924232,0.0,7.078561216592789
수,08:30,23,0.0,13.0142935924232,32.82931637018919,7.078391641378403
수,08:30,21,0.0,13.0142935924232,19.09830253571272,7.078595131635666
수,08:30,33,0.0,13.0142935924232,46.997851215302944,7.078391641378403
수,08:30,40,0.0,13.0142935924232,46.375264294445515,7.078323811292648
수,09:00,85,0.0,44.53602184355259,54.06903591006994,50.289853006601334
수,09:00,26,0.0,44.53602184355259,80.51146292686462,50.28968343138695
수,09:00,22,156.0,44.53602184355259,0.0,50.28968343138695
수,09:00,23,0.0,44.53602184355259,54.06906982511282,50.289717346429825
수,09:00,21,0.0,44.53602184355259,41.56857005506754,50.2897512614727
수,09:00,33,234.0,44.53602184355259,93.33143392205238,50.289717346429825
수,09:00,40,0.0,44.53602184355259,60.20759084075689,50.289717346429825
수,09:30,85,0.0,11.21045420691371,24.394339971244335,0.0
수,09:30,26,0.0,11.21045420691371,45.02621715515852,0.0
수,09:30,22,156.0,148.98067766427994,26.314609698951244,95.64264234900475
수,09:30,23,0.0,11.21045420691371,24.394306056201458,0.0
수,09:30,21,0.0,11.21045420691371,50.77298551052809,10.78788337111473
수,09:30,33,234.0,150.84115517139435,154.8067393898964,141.4100430905819
수,09:30,40,0.0,11.21045420691371,415.6084336042404,194.8334934413433
수,10:00,85,0.0,0.0,10.039848946034908,0.0
수,10:00,26,0.0,0.0,53.16077410429716,0.0
수,10:00,22,156.0,147.61088299751282,36.349697820842266,162.17045828700066
수,10:00,23,0.0,0.0,10.039798073470592,0.0
수,10:00,21,0.0,0.0,43.04968237131834,30.248267143964767
수,10:00,33,234.0,263.1513453423977,139.49603068828583,188.56389078497887
수,10:00,40,0.0,0.0,383.10188245773315,217.2391273677349
수,10:30,85,271.0,0.0,0.0,49.170656591653824
수,10:30,26,0.0,0.0,35.86358503252268,50.758728474378586
수,10:30,22,0.0,139.77034403383732,18.63580309599638,215.0202017724514
수,10:30,23,0.0,0.0,0.0,49.17055484652519
수,10:30,21,0.0,0.0,28.996136479079723,100.57963818311691
수,10:30,33,0.0,246.65284705162048,108.27636888623238,244.5898458659649
수,10:30,40,0.0,0.0,363.1682481765747,258.96592381596565
수,11:00,85,271.0,228.84729692339897,211.11115393042564,192.1345173716545
수,11:00,26,0.0,6.769652407616377,41.360238425433636,9.038036733865738
수,11:00,22,0.0,6.769652407616377,6.4218345656991005,11.028408855199814
수,11:00,23,0.0,6.769652407616377,7.931486390531063,0.0
수,11:00,21,0.0,6.769652407616377,0.0,3.574730306863785
수,11:00,33,0.0,6.769652407616377,0.0,7.733257204294205
수,11:00,40,0.0,6.769652407616377,0.0,12.039653688669205
수,11:30,85,271.0,223.339256554842,237.91087168455124,186.4031125307083
수,11:30,26,0.0,0.0,54.21696484833956,0.0
수,11:30,22,0.0,0.0,0.0,0.0
수,11:30,23,0.0,0.0,15.645861394703388,0.0
수,11:30,21,0.0,0.0,9.766158789396286,0.0
수,11:30,33,0.0,0.0,0.0,0.0
수,11:30,40,0.0,0.0,0.0,0.0
수,12:00,85,147.0,287.387967646122,285.78158164024353,121.89142718911171
수,12:00,26,455.0,20.369186099618673,119.48454442620277,3.219605892896652
수,12:00,22,0.0,20.369186099618673,0.0,2.517089694738388
수,12:00,23,0.0,20.369186099618673,56.723422177135944,4.275652498006821
수,12:00,21,0.0,20.369186099618673,61.79975796490908,3.018557518720627
수,12:00,33,0.0,20.369186099618673,0.0,2.5900748670101166
수,12:00,40,0.0,20.369186099618673,0.0,2.1782784163951874
수,12:30,85,147.0,178.70566961169243,321.58542108535767,66.36249706149101
수,12:30,26,455.0,350.30834221839905,417.6580213904381,66.04878291487694
수,12:30,22,0.0,0.0,0.0,0.6818788945674896
수,12:30,23,0.0,0.0,266.60523635149,66.75886216759682
수,12:30,21,0.0,0.0,35.23362158983946,0.39990922808647156
수,12:30,33,0.0,0.0,9.128229551017284,0.5412671267986298
수,12:30,40,0.0,0.0,0.0,0.6830320060253143
수,13:00,85,147.0,156.9698238670826,256.52351504564285,22.477618604898453
수,13:00,26,455.0,47.547101095318794,385.64340794086456,21.9879193007946
수,13:00,22,0.0,14.303540032356977,20.1333981230855,6.897285312414169
수,13:00,23,0.0,14.303540032356977,205.48807373642921,25.400383085012436
수,13:00,21,0.0,14.303540032356977,24.82578171044588,5.291136711835861
수,13:00,33,0.0,14.303540032356977,54.81764265149832,6.101231426000595
수,13:00,40,0.0,14.303540032356977,7.680214077234268,6.912682741880417
수,13:30,85,183.0,146.40092992782593,161.48820632696152,24.930761486291885
수,13:30,26,205.0,44.58794577419758,338.8553000688553,23.833711594343185
수,13:30,22,0.0,47.88770139217377,34.9199583157897,16.52386674284935
수,13:30,23,0.0,47.88770139217377,113.31880658864975,31.61236408352852
수,13:30,21,57.0,47.88770139217377,23.53294875472784,12.203497260808945
수,13:30,33,0.0,47.88770139217377,87.34497100114822,14.361918419599533
수,13:30,40,0.0,47.88770139217377,4.705059334635735,16.540620774030685
수,14:00,85,183.0,193.33385503292084,43.60183622688055,160.2026735842228
수,14:00,26,205.0,215.13532638549805,158.3524892926216,151.60015687346458
수,14:00,22,0.0,7.207410823553801,49.75639905780554,17.68566045165062
수,14:00,23,0.0,7.207410823553801,6.5246056243777275,60.38425853848457
수,14:00,21,57.0,49.45241428911686,28.317725397646427,11.80906531214714
수,14:00,33,0.0,7.207410823553801,63.215202279388905,7.544045180082321
수,14:00,40,0.0,7.207410823553801,0.0,15.993231981992722
수,14:30,85,183.0,182.91876581311226,53.68354057520628,196.78706774115562
수,14:30,26,205.0,200.4487392604351,135.6145388185978,184.38962730765343
수,14:30,22,0.0,12.283585514873266,20.665787987411022,8.452832669019699
수,14:30,23,0.0,12.283585514873266,11.840212039649487,89.73277655243874
수,14:30,21,57.0,63.53614456951618,14.747507020831108,4.432136505842209
수,14:30,33,0.0,12.283585514873266,28.498331479728222,0.0
수,14:30,40,0.0,12.283585514873266,0.0,3.0822499692440033
수,15:00,85,193.0,190.71959874033928,162.7926975786686,199.53856125473976
수,15:00,26,0.0,222.7176955640316,162.88187718391418,182.82421067357063
수,15:00,22,0.0,41.70769380033016,0.0,13.853871077299118
수,15:00,23,0.0,41.70769380033016,31.197468645870686,87.95081236958504
수,15:00,21,0.0,88.6278922855854,10.455443881452084,13.586213558912277
수,15:00,33,89.0,41.70769380033016,5.83628287166357,0.9192163646221161
수,15:00,40,0.0,41.70769380033016,0.0,5.717313140630722
수,15:30,85,193.0,254.26183953881264,50.365818463265896,0.0
수,15:30,26,0.0,28.168331753462553,62.82247456163168,9.822118610143661
수,15:30,22,0.0,28.168331753462553,44.881908647716045,10.385040491819382
수,15:30,23,0.0,28.168331753462553,29.231447525322437,0.0
수,15:30,21,0.0,28.168331753462553,0.0,0.0
수,15:30,33,89.0,87.81487239897251,76.99920412898064,0.3805776536464691
수,15:30,40,0.0,28.168331753462553,76.12431472539902,25.48903700709343
수,16:00,85,193.0,199.28611463308334,70.6576634272933,0.0
수,16:00,26,0.0,5.752260472625494,93.48267805576324,2.1870963275432587
수,16:00,22,0.0,5.752260472625494,115.31533429026604,4.223898142576218
수,16:00,23,0.0,5.752260472625494,60.994479186832905,0.0
수,16:00,21,0.0,5.752260472625494,22.14547587186098,0.0
수,16:00,33,89.0,83.06308661401272,107.20477223396301,0.0
수,16:00,40,0.0,5.752260472625494,102.58288106322289,25.129605382680893
수,16:30,85,119.0,31.070882868021727,51.80917485803366,0.0
수,16:30,26,207.0,12.921637695282698,51.17199598997831,0.0
수,16:30,22,0.0,12.921637695282698,31.63255625218153,0.0
수,16:30,23,0.0,12.921637695282698,67.41209556907415,0.0
수,16:30,21,0.0,12.921637695282698,56.703446216881275,0.0
수,16:30,33,0.0,21.12674641236663,60.02397479861975,0.0
수,16:30,40,0.0,12.921637695282698,39.474231369793415,20.022813886404037
수,17:00,85,119.0,0.0,0.0,0.0
수,17:00,26,207.0,0.0,0.0,0.0
수,17:00,22,0.0,24.76068390533328,0.0,0.0
수,17:00,23,0.0,24.76068390533328,0.0,0.0
수,17:00,21,0.0,24.76068390533328,22.525646544992924,0.0
수,17:00,33,0.0,24.76068390533328,10.500728942453861,0.0
수,17:00,40,0.0,24.76068390533328,0.0,0.0
수,17:30,85,119.0,28.1638719253242,0.0,0.0
수,17:30,26,207.0,59.03680540621281,0.0,0.0
수,17:30,22,0.0,24.409374933689833,0.0,0.0
수,17:30,23,0.0,24.409374933689833,0.0,0.0
수,17:30,21,0.0,24.409374933689833,0.0,0.0
수,17:30,33,0.0,24.409374933689833,0.0,0.0
수,17:30,40,0.0,24.409374933689833,6.40356707572937,35.50923642516136
수,18:00,85,188.0,118.26944474875927,0.0,5.213606923818588
수,18:00,26,0.0,212.62230649590492,0.0,0.0
수,18:00,22,70.0,99.95801784098148,254.98010927438736,10.417158037424088
수,18:00,23,0.0,99.95801784098148,0.0,0.0
수,18:00,21,0.0,99.95801784098148,0.0,0.0
수,18:00,33,0.0,99.95801784098148,51.56641098111868,45.121980518102646
수,18:00,40,0.0,99.95801784098148,149.58758735656738,115.01610186696053
수,18:30,85,188.0,213.84258669614792,69.50004974752665,0.0
수,18:30,26,0.0,2.9521921388804913,220.90390211343765,0.0
수,18:30,22,70.0,70.56279881298542,568.9857217669487,9.4777452647686
수,18:30,23,0.0,2.9521921388804913,98.29289945960045,0.0
수,18:30,21,0.0,2.9521921388804913,94.17659679055214,0.0
수,18:30,33,0.0,2.9521921388804913,246.43909749388695,67.6705493927002
수,18:30,40,0.0,2.9521921388804913,301.71195209026337,139.94381099939346
수,19:00,85,188.0,182.3012237548828,61.43839318305254,0.0
수,19:00,26,0.0,0.0,246.14842861890793,0.0
수,19:00,22,70.0,99.72278310358524,507.59844279289246,35.188400119543076
수,19:00,23,0.0,0.0,124.44467031955719,0.0
수,19:00,21,0.0,0.0,95.94335007667542,19.095101803541183
수,19:00,33,0.0,0.0,269.77961653470993,104.15565726161003
수,19:00,40,0.0,0.0,287.4895431995392,163.0841973721981
수,19:30,85,96.0,153.3897688984871,28.573945067822933,0.0
수,19:30,26,0.0,0.0,170.86254462599754,0.0
수,19:30,22,162.0,187.10199981927872,323.52994006872177,78.48671790957451
수,19:30,23,0.0,0.0,67.55238514393568,9.516272753477097
수,19:30,21,0.0,0.0,51.4751286432147,63.03027626872063
수,19:30,33,0.0,0.0,171.0696298778057,125.13356962800026
수,19:30,40,0.0,0.0,191.03419467806816,172.6359622180462
수,20:00,85,96.0,123.83624292910099,12.01224609464407,36.046348959207535
수,20:00,26,0.0,4.1028447560966015,99.05193507671356,12.047013252973557
수,20:00,22,162.0,145.9943563938141,198.03037625551224,2.623735547065735
수,20:00,23,0.0,4.1028447560966015,13.975757502019405,0.0
수,20:00,21,0.0,4.1028447560966015,19.24157663434744,0.0
수,20:00,33,0.0,4.1028447560966015,48.919053606688976,97.41660258173943
수,20:00,40,0.0,4.1028447560966015,113.1351905465126,126.77393850684166
수,20:30,85,81.0,84.02662993967533,4.777166955173016,41.20347037911415
수,20:30,26,0.0,0.0,71.95401930809021,17.413661807775497
수,20:30,22,162.0,157.3262540102005,160.32251238822937,8.301418960094452
수,20:30,23,0.0,0.0,1.9614722654223442,0.0
수,20:30,21,0.0,0.0,13.839351199567318,6.950531929731369
수,20:30,33,0.0,0.0,6.519569240510464,78.86805865168571
수,20:30,40,0.0,0.0,92.53616008162498,101.09916576743126
수,21:00,85,81.0,91.85985173285007,0.0,10.796887814998627
수,21:00,26,0.0,0.0,56.08601438254118,0.0
수,21:00,22,70.0,155.93953573703766,136.02207893133163,0.0
수,21:00,23,0.0,0.0,0.0,0.0
수,21:00,21,0.0,0.0,3.064321629703045,0.0
수,21:00,33,0.0,0.0,0.0,33.62023636698723
수,21:00,40,0.0,0.0,89.04865926504135,50.28914079070091
수,21:30,85,81.0,84.2946944385767,0.0,34.161554366350174
수,21:30,26,0.0,0.0,40.98059343546629,26.93687018752098
수,21:30,22,70.0,69.76643969118595,103.27534145116806,24.42125579714775
수,21:30,23,0.0,0.0,0.0,13.251132935285568
수,21:30,21,0.0,0.0,0.0,17.758645623922348
수,21:30,33,0.0,0.0,0.0,1.5922264754772186
수,21:30,40,0.0,0.0,73.60790333151817,0.6379928290843964
목,08:30,85,0.0,0.0,0.0,6.139860659837723
목,08:30,26,0.0,0.0,0.0,6.139792829751968
목,08:30,22,0.0,0.0,0.0,6.139708042144775
목,08:30,23,0.0,0.0,0.0,6.139843702316284
목,08:30,21,0.0,0.0,61.22466058284044,6.139826744794846
목,08:30,33,0.0,0.0,0.0,6.139843702316284
목,08:30,40,0.0,0.0,0.0,6.139792829751968
목,09:00,85,0.0,51.15948557853699,53.287065245211124,55.06880474090576
목,09:00,26,153.0,51.15948557853699,20.108038149774075,55.068872570991516
목,09:00,22,0.0,51.15948557853699,0.0,55.06880474090576
목,09:00,23,0.0,51.15948557853699,53.28721786290407,55.06880474090576
목,09:00,21,0.0,51.15948557853699,131.2348688840866,55.068872570991516
목,09:00,33,0.0,51.15948557853699,5.637015037238598,55.06880474090576
목,09:00,40,0.0,51.15948557853699,3.94204293936491,55.068872570991516
목,09:30,85,0.0,1.7044237963855267,144.93413823843002,0.0
목,09:30,26,153.0,172.79682126641273,151.70061323046684,0.0
목,09:30,22,0.0,1.7044237963855267,0.0,42.316087275743484
목,09:30,23,0.0,1.7044237963855267,144.9340873658657,0.0
목,09:30,21,0.0,1.7044237963855267,122.25453859567642,50.51062297821045
목,09:30,33,0.0,1.7044237963855267,0.0,53.72868573665619
목,09:30,40,0.0,1.7044237963855267,0.0,57.13769018650055
목,10:00,85,0.0,4.810901824384928,124.03594318032265,0.0
목,10:00,26,153.0,135.8965508788824,145.58118638396263,0.0
목,10:00,22,0.0,4.810901824384928,0.0,23.648823738098145
목,10:00,23,0.0,4.810901824384928,124.03592622280121,0.0
목,10:00,21,0.0,4.810901824384928,80.68673586845398,32.09538212418556
목,10:00,33,0.0,4.810901824384928,0.0,34.154533952474594
목,10:00,40,0.0,4.810901824384928,0.0,36.285076946020126
목,10:30,85,0.0,10.074011992663145,103.67235094308853,0.0
목,10:30,26,119.0,106.61573576927185,136.53996163606644,0.0
목,10:30,22,307.0,10.074011992663145,54.1392654851079,15.24119982123375
목,10:30,23,0.0,10.074011992663145,103.67236790060997,0.0
목,10:30,21,0.0,10.074011992663145,61.722321443259716,23.7328482568264
목,10:30,33,0.0,10.074011992663145,4.885228760540485,24.99204596877098
목,10:30,40,0.0,10.074011992663145,0.0,26.273797184228897
목,11:00,85,0.0,0.0,0.0,161.74304395914078
목,11:00,26,119.0,105.08424265682697,76.1349810063839,162.81218177080154
목,11:00,22,307.0,446.41055035591125,198.75022304058075,163.4427811205387
목,11:00,23,0.0,0.0,0.0,161.74302700161934
목,11:00,21,0.0,0.0,190.84269338846207,160.61993035674095
목,11:00,33,0.0,0.0,19.29373373091221,15.503329187631607
목,11:00,40,0.0,0.0,12.450216479599476,16.167046576738358
목,11:30,85,0.0,0.0,0.0,162.78028467297554
목,11:30,26,119.0,129.75061094760895,68.27833663672209,163.6152560710907
목,11:30,22,307.0,364.46129310131073,204.11826211214066,164.09086367487907
목,11:30,23,0.0,0.0,0.0,162.78030163049698
목,11:30,21,0.0,0.0,191.6356949210167,162.09696438908577
목,11:30,33,0.0,0.0,0.0,2.1398187577724457
목,11:30,40,0.0,0.0,18.21674034744501,2.6340287625789642
목,12:00,85,302.0,30.987871561199427,38.834517352283,103.93147882819176
목,12:00,26,0.0,107.4027258604765,102.29431492090225,104.65196999907494
목,12:00,22,32.0,125.742675319314,210.73356080055237,105.0434852540493
목,12:00,23,0.0,30.987871561199427,38.83465301245451,103.931410998106
목,12:00,21,0.0,30.987871561199427,194.02109250426292,103.42176964879036
목,12:00,33,0.0,30.987871561199427,11.633533768355846,2.040515512228012
목,12:00,40,0.0,30.987871561199427,17.002895526587963,2.184043973684311
목,12:30,85,302.0,0.0,60.29068269580603,123.57529211044312
목,12:30,26,0.0,17.024374347180128,0.0,0.0
목,12:30,22,32.0,21.305995892733335,0.0,0.0
목,12:30,23,0.0,17.024374347180128,0.0,0.0
목,12:30,21,0.0,17.024374347180128,0.0,3.5316921174526215
목,12:30,33,0.0,17.024374347180128,0.0,0.0
목,12:30,40,0.0,17.024374347180128,1.038567639887333,0.0
목,13:00,85,302.0,0.0,50.172451846301556,94.98123118281364
목,13:00,26,0.0,13.27120852097869,0.0,0.0
목,13:00,22,32.0,23.307000380009413,0.0,0.0
목,13:00,23,0.0,13.27120852097869,0.0,0.0
목,13:00,21,0.0,13.27120852097869,0.0,1.5242607295513153
목,13:00,33,0.0,13.27120852097869,0.0,0.0
목,13:00,40,0.0,13.27120852097869,1.945489801466465,0.0
목,13:30,85,60.0,0.0,25.498155914247036,84.20971181988716
목,13:30,26,109.0,26.493912171572447,0.0,0.0
목,13:30,22,21.0,31.582966100424528,69.5564843788743,1.6799307763576508
목,13:30,23,0.0,26.493912171572447,0.0,0.0
목,13:30,21,0.0,26.493912171572447,0.0,6.742836207151413
목,13:30,33,0.0,26.493912171572447,20.959644876420498,0.0
목,13:30,40,0.0,26.493912171572447,33.16411719471216,0.0
목,14:00,85,60.0,48.62238600850105,24.195428244769573,44.480172246694565
목,14:00,26,109.0,108.81850084662437,17.985566936433315,40.407789558172226
목,14:00,22,21.0,18.953004132956266,125.40867149829865,10.04697534441948
목,14:00,23,0.0,7.252161722630262,20.74263947457075,31.093769162893295
목,14:00,21,0.0,7.252161722630262,21.266287736594677,2.8283619582653046
목,14:00,33,0.0,7.252161722630262,72.86251851916313,0.0
목,14:00,40,0.0,7.252161722630262,52.47331618517637,0.0
목,14:30,85,60.0,51.379272013902664,18.478878192603588,44.05575940012932
목,14:30,26,109.0,123.90161417424679,4.295980326831341,39.08130440115929
목,14:30,22,21.0,16.11668909713626,151.38138788938522,3.9445060193538666
목,14:30,23,0.0,2.875764589756727,0.8052236661314964,24.085564702749252
목,14:30,21,0.0,2.875764589756727,3.2003718242049217,0.0
목,14:30,33,0.0,2.875764589756727,68.03396179527044,0.0
목,14:30,40,0.0,2.875764589756727,55.159285835921764,0.0
목,15:00,85,80.0,71.91359257698059,63.66694217175245,52.15596041083336
목,15:00,26,79.0,174.96316158771515,21.187062196433544,47.08511886000633
목,15:00,22,156.0,22.359032537788153,184.87390020489693,3.5042209327220917
목,15:00,23,0.0,1.4723431579768658,12.00486957281828,25.443319529294968
목,15:00,21,62.0,1.4723431579768658,0.0,0.0
목,15:00,33,145.0,1.4723431579768658,70.82349102944136,0.0
목,15:00,40,0.0,1.4723431579768658,39.62810391932726,0.0
목,15:30,85,80.0,118.68108858168125,314.5686361193657,161.58016696572304
목,15:30,26,79.0,116.54251620173454,179.41698676347733,156.51682063937187
목,15:30,22,156.0,197.97383987903595,343.4976250529289,167.87527373433113
목,15:30,23,0.0,0.0,69.12848501652479,134.1413371860981
목,15:30,21,62.0,88.5511849373579,316.13496845960617,168.24111530184746
목,15:30,33,145.0,195.5253433585167,50.80032103508711,153.21274933218956
목,15:30,40,0.0,0.0,229.6047554910183,160.12802657485008
목,16:00,85,80.0,120.84825982153416,115.05752909183502,135.135590583086
목,16:00,26,79.0,119.77371256053448,51.811023227870464,129.75212016701698
목,16:00,22,156.0,130.42775021493435,145.39100778102875,139.74403443932533
목,16:00,23,0.0,0.0,25.358612470328808,109.16416296362877
목,16:00,21,62.0,103.29193438589573,100.83278006315231,142.48487862944603
목,16:00,33,145.0,131.01519267261028,36.985740534961224,128.00057777762413
목,16:00,40,0.0,0.0,114.39106458425522,130.81009992957115
목,16:30,85,350.0,60.59823702275753,25.795336477458477,103.51781705021858
목,16:30,26,153.0,60.57341969013214,39.48056500405073,98.52884641289711
목,16:30,22,20.0,40.48520912230015,77.09625202417374,108.0231930911541
목,16:30,23,0.0,64.23391266167164,0.0,81.11628684401512
목,16:30,21,0.0,65.04456697404385,90.50458118319511,111.39695981144905
목,16:30,33,0.0,27.950478475540876,0.0,100.58067259192467
목,16:30,40,0.0,64.23391266167164,220.62713840603828,106.10519567131996
목,17:00,85,350.0,317.2815343141556,110.00534081459045,361.84223783016205
목,17:00,26,153.0,126.80508099496365,64.17000400274992,69.84472408890724
목,17:00,22,20.0,15.64474431797862,0.0,42.963830679655075
목,17:00,23,0.0,8.19423682615161,47.35690129548311,68.63036206364632
목,17:00,21,0.0,8.19423682615161,14.123550780117512,43.395704835653305
목,17:00,33,0.0,8.19423682615161,0.0,40.27341815829277
목,17:00,40,0.0,8.19423682615161,115.20919716358185,40.85302624106407
목,17:30,85,350.0,356.86859679222107,153.7208475470543,390.87907660007477
목,17:30,26,153.0,195.52985405921936,27.241859689354897,40.22692063450813
목,17:30,22,20.0,18.955089908093214,0.0,30.756992787122726
목,17:30,23,0.0,14.527345400303602,51.71171998232603,38.18123307824135
목,17:30,21,0.0,14.527345400303602,0.0,28.642050713300705
목,17:30,33,0.0,14.527345400303602,0.0,26.556343406438828
목,17:30,40,0.0,14.527345400303602,30.48576994985342,28.5702186524868
목,18:00,85,31.0,38.63436348736286,7.341839455068111,373.2295526266098
목,18:00,26,0.0,226.406041264534,19.40916781872511,4.850037664175034
목,18:00,22,92.0,53.655641213059425,170.94912973046303,32.09165146946907
목,18:00,23,42.0,59.81291724741459,0.0,13.631117075681686
목,18:00,21,0.0,59.81291724741459,0.0,23.1771841943264
목,18:00,33,0.0,59.81291724741459,0.0,24.518897205591202
목,18:00,40,0.0,59.81291724741459,11.460431389510632,30.135160475969315
목,18:30,85,31.0,7.510628264397383,33.9059409275651,32.72026678919792
목,18:30,26,0.0,10.548025589436293,40.91113542765379,38.353589326143265
목,18:30,22,92.0,69.96023024618626,190.94455721974373,36.686122328042984
목,18:30,23,42.0,9.229713957756758,35.149698816239834,36.60747334361076
목,18:30,21,0.0,10.548025589436293,33.56197456270456,22.977628082036972
목,18:30,33,0.0,10.548025589436293,50.2021699026227,26.73711058497429
목,18:30,40,0.0,10.548025589436293,30.11696081608534,10.870025604963303
목,19:00,85,31.0,20.334448616951704,19.59129159897566,12.487298339605331
목,19:00,26,0.0,0.0,34.249017022550106,18.88859310746193
목,19:00,22,92.0,73.45514149963856,181.96076759696007,15.727100640535355
목,19:00,23,42.0,20.918431740254164,20.368912659585476,16.285308331251144
목,19:00,21,0.0,0.0,2.516474984586239,5.112268775701523
목,19:00,33,0.0,0.0,40.99609261006117,11.058525413274765
목,19:00,40,0.0,0.0,25.20853840559721,1.7761816680431366
목,19:30,85,31.0,7.817830722779036,9.033725284039974,2.9812170565128326
목,19:30,26,0.0,3.254493873566389,19.120856039226055,9.34669753909111
목,19:30,22,92.0,74.96687062084675,159.92311188578606,4.985087364912033
목,19:30,23,42.0,8.401712100952864,9.811312429606915,6.931810826063156
목,19:30,21,0.0,3.254493873566389,0.0,0.0
목,19:30,33,0.0,3.254493873566389,20.697074614465237,0.8787557184696198
목,19:30,40,0.0,3.254493873566389,15.937759689986706,0.0
목,20:00,85,31.0,5.334367793053389,9.775158993899822,8.579708844423294
목,20:00,26,0.0,0.0,17.026483438909054,14.037758439779282
목,20:00,22,92.0,80.30587841570377,152.07739239931107,12.374496906995773
목,20:00,23,42.0,1.9504604749381542,10.682081155478954,11.730721563100815
목,20:00,21,0.0,0.0,0.0,3.2033605873584747
목,20:00,33,0.0,0.0,0.020175211131572723,1.6355020701885223
목,20:00,40,0.0,0.0,1.5566623136401176,0.0
목,20:30,85,31.0,15.772671859711409,11.457955591380596,17.051177829504013
목,20:30,26,0.0,0.0,13.700079075992107,20.588347226381302
목,20:30,22,92.0,72.81574119627476,135.6147592663765,20.45599377155304
목,20:30,23,42.0,13.679910223931074,12.717967264354229,19.806842893362045
목,20:30,21,0.0,0.0,0.0,13.537799835205078
목,20:30,33,0.0,0.0,0.0,5.534918040037155
목,20:30,40,0.0,0.0,0.0,0.08870479464530945
목,21:00,85,31.0,13.717623751610518,19.660580031573772,28.167240113019943
목,21:00,26,0.0,1.5112606696784496,5.396218232810497,31.592930763959885
목,21:00,22,0.0,80.79228796064854,68.80032306164503,32.14330407977104
목,21:00,23,42.0,12.277048390358686,21.02098023146391,30.659487038850784
목,21:00,21,0.0,1.5112606696784496,8.285305075347424,24.478334814310074
목,21:00,33,0.0,1.5112606696784496,0.0,1.123283177614212
목,21:00,40,0.0,1.5112606696784496,0.0,0.0
목,21:30,85,31.0,15.455837529152632,27.037271432578564,4.4169425666332245
목,21:30,26,0.0,2.274823945015669,15.822482459247112,4.099870830774307
목,21:30,22,0.0,2.274823945015669,64.07619499415159,0.0
목,21:30,23,42.0,16.905909102410078,28.72888594120741,5.61617848277092
목,21:30,21,0.0,2.274823945015669,8.607124917209148,0.0
목,21:30,33,0.0,2.274823945015669,6.447550646960735,0.0
목,21:30,40,0.0,2.274823945015669,4.285025767982006,0.0
금,08:30,85,0.0,7.092803414911032,38.09868810325861,0.0
금,08:30,26,0.0,7.092803414911032,13.149451397359371,0.0
금,08:30,22,0.0,7.092803414911032,33.44931726902723,0.0
금,08:30,23,0.0,7.092803414911032,38.09868810325861,0.0
금,08:30,21,0.0,7.092803414911032,32.14972674101591,0.0
금,08:30,33,0.0,7.092803414911032,22.12817072123289,0.0
금,08:30,40,0.0,7.092803414911032,1.312999688088894,0.0
금,09:00,85,0.0,8.595032084733248,56.52506157010794,0.0
금,09:00,26,0.0,8.595032084733248,24.028862990438938,0.0
금,09:00,22,0.0,8.595032084733248,43.7670024856925,0.0
금,09:00,23,0.0,8.595032084733248,56.52501069754362,0.0
금,09:00,21,0.0,8.595032084733248,58.47589723020792,0.0
금,09:00,33,0.0,8.595032084733248,38.98975498229265,0.0
금,09:00,40,77.0,8.595032084733248,26.417007692158222,0.0
금,09:30,85,0.0,0.2103813700377941,58.8474280461669,0.0
금,09:30,26,0.0,0.2103813700377941,42.03863254934549,0.0
금,09:30,22,0.0,0.2103813700377941,40.75826337188482,0.0
금,09:30,23,0.0,0.2103813700377941,58.84751283377409,0.0
금,09:30,21,0.0,0.2103813700377941,53.6484045907855,0.0
금,09:30,33,0.0,0.2103813700377941,45.397162936627865,15.542941957712173
금,09:30,40,77.0,70.77890546619892,64.02440672367811,50.61966831982136
금,10:00,85,0.0,0.0,62.65678261965513,0.0
금,10:00,26,0.0,0.0,47.19101434201002,0.0
금,10:00,22,0.0,0.0,51.70374994724989,0.0
금,10:00,23,0.0,0.0,62.65683349221945,0.0
금,10:00,21,0.0,0.0,51.67889869958162,0.0
금,10:00,33,0.0,0.0,58.58395903557539,13.270277976989746
금,10:00,40,77.0,70.75703874230385,86.08679074048996,42.300825506448746
금,10:30,85,0.0,0.0,65.55757863074541,0.0
금,10:30,26,0.0,0.0,50.330741830170155,0.0
금,10:30,22,0.0,0.0,49.10931699723005,0.0
금,10:30,23,0.0,0.0,65.55754471570253,0.0
금,10:30,21,0.0,0.0,54.54331234842539,0.0
금,10:30,33,0.0,0.0,45.26569127291441,8.13287815451622
금,10:30,40,77.0,69.94769863784313,67.61519580334425,37.026018887758255
금,11:00,85,0.0,5.954054977744818,57.50251854211092,0.0
금,11:00,26,0.0,5.954054977744818,36.18419241160154,0.0
금,11:00,22,0.0,5.954054977744818,55.573490254580975,0.0
금,11:00,23,0.0,5.954054977744818,57.50250158458948,0.0
금,11:00,21,0.0,5.954054977744818,46.627668522298336,0.0
금,11:00,33,0.0,5.954054977744818,42.08195053786039,14.287949711084366
금,11:00,40,77.0,68.35875344276428,85.63855257630348,48.16711047291756
금,11:30,85,0.0,3.1235097385942936,40.448830999433994,0.6011610925197601
금,11:30,26,0.0,3.1235097385942936,17.005532421171665,0.6012289226055145
금,11:30,22,0.0,3.1235097385942936,71.35009413957596,2.34547957777977
금,11:30,23,0.0,3.1235097385942936,40.44886491447687,0.6011610925197601
금,11:30,21,0.0,3.1235097385942936,28.465709447860718,0.6012289226055145
금,11:30,33,0.0,3.1235097385942936,30.456891290843487,22.24967560172081
금,11:30,40,77.0,74.67866058647633,79.40489986538887,48.6365964114666
금,12:00,85,0.0,0.0,4.8634213879704475,20.361218184232712
금,12:00,26,0.0,0.0,7.695530958473682,20.361286014318466
금,12:00,22,0.0,0.0,112.015604108572,20.643255680799484
금,12:00,23,0.0,0.0,4.863429866731167,20.361150354146957
금,12:00,21,0.0,0.0,10.721812628209591,20.361218184232712
금,12:00,33,0.0,0.0,72.25608363747597,30.610954612493515
금,12:00,40,0.0,200.31485962867737,147.70496332645416,47.71838054060936
금,12:30,85,0.0,0.0,0.0,14.943561404943466
금,12:30,26,0.0,0.0,56.633513398468494,14.943561404943466
금,12:30,22,0.0,0.0,226.58711367845535,14.943493574857712
금,12:30,23,0.0,0.0,0.0,14.943561404943466
금,12:30,21,0.0,0.0,0.0,14.943561404943466
금,12:30,33,0.0,0.0,40.29836691170931,14.943561404943466
금,12:30,40,0.0,0.0,0.0,14.943561404943466
금,13:00,85,0.0,1.6876188926398754,14.98077892512083,6.295903772115707
금,13:00,26,0.0,1.6876188926398754,26.112764321267605,6.295903772115707
금,13:00,22,0.0,1.6876188926398754,201.6810084283352,6.295835942029953
금,13:00,23,0.0,1.6876188926398754,14.980812840163708,6.295835942029953
금,13:00,21,0.0,1.6876188926398754,0.0,6.295835942029953
금,13:00,33,0.0,1.6876188926398754,22.99180033057928,6.295835942029953
금,13:00,40,0.0,1.6876188926398754,3.7880813628435135,6.295903772115707
금,13:30,85,0.0,10.41253499314189,6.6606897339224815,3.3234537541866302
금,13:30,26,0.0,10.41253499314189,31.830569230020046,3.3234537541866302
금,13:30,22,0.0,10.41253499314189,131.57320535182953,3.3234537541866302
금,13:30,23,0.0,10.41253499314189,6.660655818879604,3.3234537541866302
금,13:30,21,0.0,10.41253499314189,0.0,3.3234537541866302
금,13:30,33,0.0,10.41253499314189,27.789761446416378,3.3234537541866302
금,13:30,40,0.0,10.41253499314189,0.0,3.3234537541866302
금,14:00,85,0.0,14.679513718932867,4.748347647488117,3.659551829099655
금,14:00,26,0.0,14.679513718932867,31.054440431296825,3.6596196591854095
금,14:00,22,0.0,14.679513718932867,49.75721301883459,3.659687489271164
금,14:00,23,0.0,14.679513718932867,4.7483561262488365,3.659687489271164
금,14:00,21,0.0,14.679513718932867,0.0,3.659551829099655
금,14:00,33,0.0,14.679513718932867,31.913864575326443,3.659687489271164
금,14:00,40,0.0,14.679513718932867,0.0,3.659687489271164
금,14:30,85,0.0,13.700004886835814,4.89280029386282,2.8481683433055878
금,14:30,26,0.0,13.700004886835814,36.49982275813818,2.8483040034770966
금,14:30,22,0.0,13.700004886835814,14.369528107345104,2.848236173391342
금,14:30,23,0.0,13.700004886835814,4.89280029386282,2.8481683433055878
금,14:30,21,0.0,13.700004886835814,0.0,2.848236173391342
금,14:30,33,0.0,13.700004886835814,37.88875398784876,2.8481683433055878
금,14:30,40,0.0,13.700004886835814,0.0,2.848236173391342
금,15:00,85,123.0,45.390273943543434,12.437430508434772,1.7557648122310638
금,15:00,26,192.0,45.390273943543434,19.199742428958416,1.7557648122310638
금,15:00,22,42.0,45.390273943543434,0.0,1.7558326423168182
금,15:00,23,0.0,45.390273943543434,12.437413550913334,1.7557648122310638
금,15:00,21,0.0,45.390273943543434,0.0,1.7556969821453094
금,15:00,33,26.0,45.390273943543434,30.920882992446423,1.7557648122310638
금,15:00,40,0.0,45.390273943543434,0.0,1.7558326423168182
금,15:30,85,123.0,108.76122681796551,123.41938465833664,67.47965857386589
금,15:30,26,192.0,45.301569148898125,132.0137956738472,67.07308503985405
금,15:30,22,42.0,28.91291956230998,9.786350958049297,22.307670325040817
금,15:30,23,0.0,11.155562710016966,98.57963418960571,58.19494077563286
금,15:30,21,0.0,11.155562710016966,11.625546775758266,17.770922869443893
금,15:30,33,26.0,12.592492204159498,23.532389156520367,16.645553916692734
금,15:30,40,0.0,11.155562710016966,0.0,16.66373237967491
금,16:00,85,123.0,110.2319696098566,130.62036222219467,55.16632744669914
금,16:00,26,192.0,75.08224959671497,148.38933497667313,54.622499734163284
금,16:00,22,42.0,44.586283937096596,31.617362312972546,11.602319210767746
금,16:00,23,0.0,0.0,89.49104708433151,51.586798161268234
금,16:00,21,0.0,0.0,12.390449695289135,6.290002554655075
금,16:00,33,26.0,25.447141330689192,10.140729241073132,4.066328853368759
금,16:00,40,0.0,0.0,0.0,4.070941299200058
금,16:30,85,0.0,64.75737439095974,96.60766097903252,44.286178201437
금,16:30,26,192.0,133.75949619710445,117.8647450208664,43.66583815217018
금,16:30,22,42.0,19.68979148194194,36.407319478690624,2.4291140735149384
금,16:30,23,0.0,0.0,58.33298771828413,35.953048676252365
금,16:30,21,0.0,0.0,13.166697196662426,0.0
금,16:30,33,0.0,14.09150318428874,0.0,0.0
금,16:30,40,0.0,0.0,11.859102718532085,0.0
금,17:00,85,0.0,6.449138294905424,42.51228155940771,76.20867839455605
금,17:00,26,192.0,208.94393181800842,86.07378432154655,76.3558357656002
금,17:00,22,42.0,26.869521271437407,39.95557909458876,14.142420262098312
금,17:00,23,0.0,6.449138294905424,42.51228155940771,76.20884796977043
금,17:00,21,0.0,6.449138294905424,0.0,22.94859680533409
금,17:00,33,0.0,6.449138294905424,0.0,0.0
금,17:00,40,0.0,6.449138294905424,0.0,0.0
금,17:30,85,0.0,10.163038980215788,34.43374378234148,88.33571419119835
금,17:30,26,192.0,201.9177184700966,77.4084230363369,89.37622770667076
금,17:30,22,42.0,30.5431478433311,51.55130182951689,17.560988754034042
금,17:30,23,0.0,10.163038980215788,34.433701388537884,88.33561244606972
금,17:30,21,0.0,10.163038980215788,4.9247355461120605,24.841463178396225
금,17:30,33,0.0,10.163038980215788,0.043237440288066864,0.0
금,17:30,40,0.0,10.163038980215788,0.0,0.0
금,18:00,85,0.0,15.082636397331953,24.74557263404131,100.2825593650341
금,18:00,26,0.0,85.410635009408,28.79190009087324,101.86944422125816
금,18:00,22,0.0,22.663733761757612,19.04529332369566,16.362024158239365
금,18:00,23,0.0,15.082636397331953,24.745589591562748,100.28249153494835
금,18:00,21,0.0,15.082636397331953,12.57855948060751,21.337564438581467
금,18:00,33,0.0,15.082636397331953,8.86449769884348,0.0
금,18:00,40,0.0,15.082636397331953,11.862718909978867,0.0
금,18:30,85,0.0,13.913788359612226,7.092619001865387,11.869230598211288
금,18:30,26,0.0,13.913788359612226,4.620136067271233,11.869434088468552
금,18:30,22,0.0,13.913788359612226,54.65739407390356,11.869366258382797
금,18:30,23,0.0,13.913788359612226,7.092623241245747,11.869366258382797
금,18:30,21,0.0,13.913788359612226,11.264873012900352,11.869366258382797
금,18:30,33,0.0,13.913788359612226,6.115217141807079,11.869366258382797
금,18:30,40,0.0,13.913788359612226,3.956770546734333,11.869162768125534
금,19:00,85,0.0,17.438850086182356,21.805723451077938,30.40637907385826
금,19:00,26,0.0,17.438850086182356,19.68845819681883,30.40637907385826
금,19:00,22,0.0,17.438850086182356,55.66019406169653,30.40637907385826
금,19:00,23,0.0,17.438850086182356,21.80571073293686,30.40637907385826
금,19:00,21,0.0,17.438850086182356,26.451567120850086,30.40637907385826
금,19:00,33,0.0,17.438850086182356,20.580771453678608,30.40637907385826
금,19:00,40,0.0,17.438850086182356,17.883351236581802,30.40637907385826
금,19:30,85,0.0,18.889939110726118,24.79640280455351,15.187749713659286
금,19:30,26,0.0,18.889939110726118,22.656711228191853,15.187817543745041
금,19:30,22,0.0,18.889939110726118,41.33985548466444,15.187681883573532
금,19:30,23,0.0,18.889939110726118,24.796428240835667,15.187749713659286
금,19:30,21,0.0,18.889939110726118,26.610196255147457,15.187817543745041
금,19:30,33,0.0,18.889939110726118,24.515976272523403,15.187749713659286
금,19:30,40,0.0,18.889939110726118,21.329446025192738,15.187817543745041
금,20:00,85,0.0,18.22147361561656,24.537266440689564,0.0
금,20:00,26,0.0,18.22147361561656,21.014256574213505,0.0
금,20:00,22,0.0,18.22147361561656,40.10169357806444,0.0
금,20:00,23,0.0,18.22147361561656,24.537266440689564,0.0
금,20:00,21,0.0,18.22147361561656,19.155500255525112,0.0
금,20:00,33,0.0,18.22147361561656,25.848862893879414,0.0
금,20:00,40,0.0,18.22147361561656,23.919046081602573,0.0
금,20:30,85,0.0,14.306117575615644,26.481861732900143,0.0
금,20:30,26,0.0,14.306117575615644,21.092100076377392,0.0
금,20:30,22,0.0,14.306117575615644,42.38961084932089,0.0
금,20:30,23,0.0,14.306117575615644,26.481853254139423,0.0
금,20:30,21,0.0,14.306117575615644,20.04056417196989,0.0
금,20:30,33,0.0,14.306117575615644,26.0697515681386,0.0
금,20:30,40,0.0,14.306117575615644,19.128580190241337,0.0
금,21:00,85,0.0,16.276242416352034,27.851537697017193,0.0
금,21:00,26,0.0,16.276242416352034,25.43688838928938,0.0
금,21:00,22,0.0,16.276242416352034,53.56156512349844,0.0
금,21:00,23,0.0,16.276242416352034,27.85158009082079,0.0
금,21:00,21,0.0,16.276242416352034,24.47521886974573,0.0
금,21:00,33,0.0,16.276242416352034,27.047276370227337,0.0
금,21:00,40,0.0,16.276242416352034,14.21324758976698,0.0
금,21:30,85,0.0,17.07467035576701,24.795241214334965,0.0
금,21:30,26,0.0,17.07467035576701,24.455692283809185,0.0
금,21:30,22,0.0,17.07467035576701,47.372358076274395,0.0
금,21:30,23,0.0,17.07467035576701,24.795207299292088,0.0
금,21:30,21,0.0,17.07467035576701,17.79566813260317,0.0
금,21:30,33,0.0,17.07467035576701,25.532155744731426,0.0
금,21:30,40,0.0,17.07467035576701,12.919846557080746,0.0
